Cluster,Alcohol,Amphet,Amyl,Benzos,Caff,Cannabis,Choc,Coke,Crack,Ecstasy,Heroin,Ketamine,Legalh,LSD,Meth,Mushrooms,Nicotine,Semer,VSA
0,4.74,1.5666666666666667,0.7383333333333333,1.515,5.535,3.69,5.1033333333333335,1.405,0.33666666666666667,1.81,0.36833333333333335,0.7883333333333333,1.66,1.51,0.8566666666666667,1.635,3.5116666666666667,0.015,0.49833333333333335
1,4.627749576988156,1.9560067681895092,0.7309644670050761,2.2318104906937393,5.4873096446700504,3.8409475465313028,5.025380710659898,1.6159052453468696,0.4957698815566836,1.6954314720812182,0.6971235194585449,0.7563451776649747,2.0287648054145517,1.385786802030457,1.3519458544839256,1.5634517766497462,3.949238578680203,0.008460236886632826,0.7140439932318104
2,4.54978354978355,0.6190476190476191,0.38816738816738816,0.7676767676767676,5.435786435786436,1.6608946608946609,5.178932178932179,0.5642135642135642,0.09523809523809523,0.5613275613275613,0.1038961038961039,0.22077922077922077,0.5209235209235209,0.39826839826839827,0.35353535353535354,0.4805194805194805,2.294372294372294,0.005772005772005772,0.13852813852813853
