Cluster,Alcohol,Amphet,Amyl,Benzos,Caff,Cannabis,Choc,Coke,Crack,Ecstasy,Heroin,Ketamine,Legalh,LSD,Meth,Mushrooms,Nicotine,Semer,VSA
0,4.6183986371379895,1.9676320272572403,0.7359454855195912,2.245315161839864,5.485519591141397,3.8705281090289607,5.022146507666099,1.625212947189097,0.5008517887563884,1.706984667802385,0.7018739352640545,0.7614991482112436,2.0425894378194207,1.395229982964225,1.362862010221465,1.574105621805792,3.971039182282794,0.008517887563884156,0.7189097103918228
1,4.558739255014327,0.6174785100286533,0.3868194842406877,0.7650429799426934,5.43839541547278,1.654727793696275,5.180515759312321,0.5630372492836676,0.09455587392550144,0.5587392550143266,0.10458452722063037,0.2191977077363897,0.5171919770773639,0.3968481375358166,0.3510028653295129,0.4785100286532951,2.2908309455587395,0.0057306590257879654,0.13753581661891118
2,4.739565943238731,1.5676126878130217,0.7378964941569283,1.5158597662771285,5.534223706176961,3.686143572621035,5.103505843071786,1.4056761268781301,0.335559265442404,1.8113522537562605,0.3672787979966611,0.7896494156928213,1.662771285475793,1.5108514190317195,0.8564273789649416,1.6360601001669448,3.5075125208681137,0.015025041736227046,0.4991652754590985
